group_name,team,latest_rating,latest_rating_date,confederation,is_host,form_ppg_5,form_ppg_10,gd_5,gf_10,ga_10,opp_avg_rating_10,rest_days,matches_seen,round_of_32_pct,round_of_16_pct,quarterfinal_pct,semifinal_pct,final_pct,champion_pct
H,Spain,2092.29,2026-03-31,UEFA,0.0,2.2,2.4,2.2,3.1,0.8,1746.5733,62.0,20.0,0.99,0.785,0.625,0.495,0.335,0.24
J,Argentina,2069.21,2026-03-31,CONMEBOL,0.0,3.0,2.5,3.0,2.5,0.4,1695.8102,62.0,20.0,0.995,0.7,0.585,0.395,0.295,0.185
I,France,2027.05,2026-03-29,UEFA,0.0,2.6,2.5,1.8,2.7,1.1,1749.6181999999997,64.0,20.0,0.945,0.7,0.445,0.32,0.175,0.105
C,Brazil,1948.66,2026-05-31,CONMEBOL,0.0,2.0,1.9,1.4,2.4,1.0,1812.5126,1.0,20.0,0.96,0.665,0.46,0.26,0.13,0.065
K,Colombia,1936.59,2026-03-29,CONMEBOL,0.0,1.4,1.8,0.2,2.1,1.0,1842.1391000000003,64.0,20.0,0.915,0.74,0.43,0.21,0.095,0.055
E,Ecuador,1929.89,2026-05-30,CONMEBOL,0.0,1.8,1.6,0.6,0.9,0.5,1829.743,2.0,20.0,0.935,0.63,0.405,0.24,0.125,0.055
A,Mexico,1900.79,2026-05-30,CONCACAF,1.0,2.2,1.9,1.4,1.2,0.4,1790.1473999999998,2.0,20.0,0.99,0.66,0.35,0.18,0.075,0.045
C,Morocco,1905.3,2026-05-26,CAF,0.0,2.2,2.4,1.8,2.0,0.3,1668.4019,6.0,20.0,0.9,0.48,0.3,0.175,0.09,0.04
K,Portugal,1943.81,2026-03-31,UEFA,0.0,1.6,2.1,1.6,2.6,1.0,1732.4096999999997,62.0,20.0,0.865,0.565,0.27,0.135,0.08,0.035
E,Germany,1913.03,2026-05-31,UEFA,0.0,3.0,2.4,2.8,2.6,0.9,1641.4125,1.0,20.0,0.925,0.535,0.27,0.14,0.05,0.03
L,England,1957.86,2026-03-31,UEFA,0.0,2.0,2.2,1.6,2.2,0.5,1619.2335,62.0,20.0,0.94,0.51,0.26,0.125,0.035,0.015
F,Netherlands,1922.64,2026-03-31,UEFA,0.0,2.2,2.4,1.8,3.0,0.6,1561.9764,62.0,20.0,0.9,0.435,0.28,0.135,0.08,0.015
F,Japan,1901.41,2026-05-31,AFC,0.0,3.0,2.3,1.6,1.9,0.6,1754.9608,1.0,20.0,0.91,0.45,0.25,0.105,0.04,0.015
H,Uruguay,1886.35,2026-03-31,CONMEBOL,0.0,1.2,1.6,-0.6,1.0,0.9,1772.1097000000002,62.0,20.0,0.83,0.35,0.165,0.085,0.03,0.015
D,Turkey,1884.23,2026-03-31,UEFA,0.0,2.6,2.2,1.4,2.1,1.4,1750.2248,62.0,20.0,0.72,0.515,0.23,0.09,0.035,0.015
B,Switzerland,1851.07,2026-05-31,UEFA,0.0,1.6,2.1,1.0,2.5,0.7,1742.9802,1.0,20.0,0.93,0.55,0.285,0.12,0.035,0.015
G,Belgium,1848.94,2026-03-31,UEFA,0.0,2.2,2.2,2.4,3.5,1.0,1548.721,62.0,20.0,0.83,0.44,0.195,0.075,0.03,0.01
D,Paraguay,1840.89,2026-03-31,CONMEBOL,0.0,1.2,1.4,-0.4,1.0,1.0,1847.0505,62.0,20.0,0.75,0.435,0.185,0.04,0.015,0.01
I,Norway,1835.55,2026-03-31,UEFA,0.0,1.6,2.3,1.0,3.1,0.6,1663.5641,62.0,20.0,0.78,0.325,0.135,0.065,0.02,0.01
B,Canada,1814.56,2026-03-31,CONCACAF,1.0,1.4,1.7,0.4,1.1,0.4,1729.6792,62.0,20.0,0.94,0.58,0.245,0.12,0.07,0.01
G,Iran,1825.55,2026-05-29,AFC,0.0,1.6,1.5,1.2,1.7,0.8,1658.1202999999998,3.0,20.0,0.755,0.45,0.21,0.08,0.02,0.005
D,United States,1777.5,2026-05-31,CONCACAF,1.0,1.8,1.6,0.2,1.8,1.7,1871.2494,1.0,20.0,0.635,0.37,0.135,0.05,0.015,0.005
G,Egypt,1770.35,2026-05-28,CAF,0.0,1.6,2.1,0.8,1.4,0.5,1716.3359999999998,4.0,20.0,0.795,0.315,0.13,0.045,0.02,0.005
L,Croatia,1892.56,2026-03-31,UEFA,0.0,2.4,2.5,1.0,2.9,0.8,1551.1032,62.0,20.0,0.905,0.375,0.135,0.045,0.015,0.0
I,Senegal,1859.77,2026-05-31,CAF,0.0,1.8,2.2,0.2,1.9,0.9,1649.2404,1.0,20.0,0.635,0.285,0.115,0.05,0.015,0.0
D,Australia,1826.54,2026-05-30,AFC,0.0,1.2,1.8,0.0,1.4,1.0,1754.2076000000002,2.0,20.0,0.63,0.345,0.115,0.03,0.005,0.0
A,South Korea,1815.86,2026-05-30,AFC,0.0,1.8,1.9,0.6,1.8,1.2,1721.6064000000001,2.0,20.0,0.865,0.505,0.185,0.05,0.025,0.0
J,Austria,1806.66,2026-03-31,UEFA,0.0,2.0,2.5,1.2,2.8,0.5,1455.3255000000001,62.0,20.0,0.515,0.11,0.035,0.005,0.005,0.0
J,Algeria,1803.08,2026-03-31,CAF,0.0,2.0,2.3,1.6,2.3,0.5,1648.6801,62.0,20.0,0.79,0.31,0.135,0.055,0.01,0.0
L,Panama,1795.03,2026-05-31,CONCACAF,0.0,1.0,1.6,-0.8,1.5,1.4,1655.6459,1.0,20.0,0.58,0.14,0.04,0.005,0.0,0.0
K,Uzbekistan,1781.46,2026-03-30,AFC,0.0,1.8,1.7,0.8,1.5,0.7,1688.3240999999998,63.0,20.0,0.48,0.22,0.06,0.02,0.01,0.0
C,Scotland,1756.04,2026-05-30,UEFA,0.0,1.2,1.9,0.4,2.1,1.0,1644.6819,2.0,20.0,0.505,0.17,0.06,0.005,0.005,0.0
E,Ivory Coast,1736.58,2026-03-31,CAF,0.0,2.4,2.2,1.6,2.0,0.7,1645.8572,62.0,20.0,0.65,0.21,0.045,0.015,0.01,0.0
F,Sweden,1723.07,2026-03-31,UEFA,0.0,1.4,1.4,-0.2,1.6,1.8,1747.6237,62.0,20.0,0.575,0.13,0.04,0.005,0.0,0.0
I,Iraq,1722.25,2026-05-29,AFC,0.0,1.8,2.0,0.2,1.1,0.7,1582.8405,3.0,20.0,0.29,0.08,0.03,0.005,0.0,0.0
J,Jordan,1721.96,2026-05-31,AFC,0.0,1.0,1.7,-0.6,1.9,1.6,1715.4378000000002,1.0,20.0,0.325,0.065,0.015,0.0,0.0,0.0
K,DR Congo,1714.28,2026-03-31,CAF,0.0,2.0,2.3,1.0,1.2,0.3,1594.2924,62.0,20.0,0.405,0.13,0.03,0.005,0.0,0.0
F,Tunisia,1683.45,2026-03-31,CAF,0.0,1.2,1.4,0.0,1.4,1.0,1654.1487000000002,62.0,20.0,0.365,0.06,0.025,0.01,0.005,0.0
G,New Zealand,1679.95,2026-03-30,OFC,0.0,0.8,0.7,-0.4,0.9,1.5,1781.7802,63.0,20.0,0.37,0.095,0.02,0.005,0.0,0.0
H,Saudi Arabia,1658.46,2026-05-30,AFC,0.0,0.6,1.2,-1.2,1.0,1.5,1710.3798000000002,2.0,20.0,0.37,0.065,0.01,0.0,0.0,0.0
C,Haiti,1648.9,2026-03-31,CONCACAF,0.0,1.4,1.3,-0.2,1.2,1.1,1638.1954,62.0,20.0,0.255,0.065,0.005,0.0,0.0,0.0
H,Cape Verde,1636.47,2026-05-31,CAF,0.0,1.2,1.7,0.2,1.7,1.0,1606.2716,1.0,20.0,0.395,0.085,0.005,0.0,0.0,0.0
A,South Africa,1623.42,2026-05-29,CAF,0.0,1.0,1.5,-0.2,1.4,1.0,1591.3794,3.0,20.0,0.455,0.1,0.015,0.005,0.0,0.0
B,Bosnia and Herzegovina,1602.71,2026-05-29,UEFA,0.0,1.4,1.4,0.4,2.0,1.1,1596.1887,3.0,20.0,0.58,0.15,0.02,0.0,0.0,0.0
B,Qatar,1583.38,2026-05-28,AFC,0.0,0.2,0.7,-1.2,0.9,1.7,1600.7041,4.0,20.0,0.21,0.015,0.0,0.0,0.0,0.0
L,Ghana,1565.24,2026-05-22,CAF,0.0,0.0,1.3,-2.0,1.4,1.3,1675.0816,10.0,20.0,0.25,0.035,0.005,0.0,0.0,0.0
E,Curaçao,1556.86,2026-05-30,CONCACAF,0.0,0.8,1.2,-0.4,1.6,1.6,1593.6446,2.0,20.0,0.17,0.03,0.005,0.0,0.0,0.0
A,Czechia,,,,,,,,,,,,,0.295,0.04,0.005,0.0,0.0,0.0
